"Trait"	"Chr...7"	"Pos (bp)"	"rsid"	"Effect Allele"	"Other Allele"	"Closest Gene"	"Distance to Closest Gene (bp)"	"EAF"	"Effect"	"SE"	"pval"
"FG"	1	100894419	"rs6662924"	"A"	"C"	"CDC14A"	"-"	0.19	"0.014"	"0.002"	3.34e-10
"FG"	1	150868102	"rs78132593"	"A"	"C"	"ARNT"	"18,858"	0.21	"-0.015"	"0.002"	2.6e-10
"FG"	1	214154719	"rs2075423"	"T"	"G"	"PROX1-AS1"	"-"	0.37	"-0.016"	"0.002"	3.18e-21
"FG"	1	229672955	"rs348330"	"A"	"G"	"ABCB10"	"-"	0.63	"-0.012"	"0.002"	3.04e-10
"FG"	2	27730940	"rs1260326"	"T"	"C"	"GCKR"	"-"	0.39	"-0.028"	"0.002"	4.48e-65
"FG"	2	54941112	"rs189548"	"A"	"G"	"EML6"	"11,036"	0.73	"-0.012"	"0.002"	2.81e-09
"FG"	2	169763148	"rs560887"	"T"	"C"	"G6PC2"	"-"	0.3	"-0.075"	"0.002"	0
"FG"	3	123065778	"rs11708067"	"A"	"G"	"ADCY5"	"-"	0.77	"0.028"	"0.002"	1.63e-43
"FG"	3	141134818	"rs16851397"	"A"	"G"	"ZBTB38"	"-"	0.95	"0.033"	"0.004"	1.26e-12
"FG"	3	152180329	"rs17437560"	"T"	"C"	"MBNL1"	"-"	0.11	"-0.018"	"0.003"	3.33e-08
"FG"	3	170709193	"rs1604038"	"T"	"C"	"SLC2A2"	"4,943"	0.29	"-0.02"	"0.002"	4.47e-28
"FG"	3	187740523	"rs6808574"	"T"	"C"	"LPP-AS2"	"128,470"	0.39	"-0.013"	"0.002"	7.21e-14
"FG"	4	185726548	"rs4862423"	"T"	"C"	"ACSL1"	"-"	0.4	"0.012"	"0.002"	4.45e-10
"FG"	5	55809127	"rs157512"	"T"	"C"	"LOC101928448"	"-"	0.76	"0.013"	"0.002"	5.43e-10
"FG"	5	76425867	"rs7708285"	"A"	"G"	"ZBED3-AS1"	"-"	0.73	"-0.013"	"0.002"	1.25e-09
"FG"	5	95696585	"rs1820176"	"T"	"C"	"PCSK1"	"29,454"	0.71	"0.025"	"0.002"	1.91e-34
"FG"	6	7250270	"rs3778321"	"A"	"G"	"RREB1"	"-"	0.19	"-0.019"	"0.002"	3.16e-17
"FG"	6	20680678	"rs9348441"	"A"	"T"	"CDKAL1"	"-"	0.28	"0.018"	"0.002"	4.4e-20
"FG"	6	39034095	"rs10305457"	"T"	"C"	"GLP1R"	"-"	0.09	"0.024"	"0.003"	1.21e-14
"FG"	6	153431125	"rs12055786"	"T"	"C"	"RGS17"	"-"	0.42	"0.012"	"0.002"	1.17e-11
"FG"	7	15063430	"rs10487796"	"A"	"T"	"AGMO"	"176,512"	0.48	"-0.026"	"0.002"	4.62e-52
"FG"	7	44255643	"rs878521"	"A"	"G"	"CAMK2B"	"1,105"	0.24	"0.055"	"0.002"	2.65e-174
"FG"	7	75654574	"rs58925536"	"T"	"C"	"STYXL1"	"-"	0.03	"0.031"	"0.005"	5.82e-09
"FG"	7	89800053	"rs13242882"	"A"	"T"	"STEAP2-AS1"	"-"	0.46	"-0.01"	"0.002"	9.27e-09
"FG"	8	9173209	"rs7012637"	"A"	"G"	"LOC157273"	"9,351"	0.47	"-0.018"	"0.002"	9.75e-25
"FG"	8	81076874	"rs12541643"	"T"	"C"	"TPD52"	"-"	0.48	"0.012"	"0.002"	4.51e-09
"FG"	8	95960511	"rs896854"	"T"	"C"	"TP53INP1"	"-"	0.5	"0.01"	"0.002"	5.61e-09
"FG"	8	118204020	"rs9650069"	"T"	"C"	"SLC30A8"	"15,067"	0.32	"-0.029"	"0.002"	8.31e-58
"FG"	9	4291928	"rs10974438"	"A"	"C"	"GLIS3"	"-"	0.64	"-0.02"	"0.002"	9.85e-31
"FG"	9	22134068	"rs10811660"	"A"	"G"	"CDKN2B-AS1"	"12,975"	0.18	"-0.022"	"0.002"	7.94e-25
"FG"	9	111680359	"rs16913693"	"T"	"G"	"IKBKAP"	"-"	0.97	"0.039"	"0.005"	2.82e-16
"FG"	9	136149399	"rs507666"	"A"	"G"	"ABO"	"-"	0.2	"0.016"	"0.002"	6.99e-17
"FG"	9	139256766	"rs3829109"	"A"	"G"	"DNLZ"	"-"	0.3	"-0.016"	"0.002"	1.09e-15
"FG"	10	26505822	"rs2839671"	"A"	"G"	"GAD2"	"-"	0.17	"-0.016"	"0.002"	8.38e-14
"FG"	10	95384152	"rs7095788"	"T"	"C"	"PDE6C"	"-"	0.35	"-0.011"	"0.002"	1.98e-09
"FG"	10	113036354	"rs12784552"	"A"	"G"	"ADRA2A"	"195,692"	0.91	"0.033"	"0.003"	2.86e-31
"FG"	10	114758349	"rs7903146"	"T"	"C"	"TCF7L2"	"-"	0.27	"0.026"	"0.002"	2e-35
"FG"	11	2181060	"rs3842753"	"T"	"G"	"INS; INS-IGF2"	"-"	0.28	"0.013"	"0.002"	2.84e-09
"FG"	11	45870177	"rs10838524"	"A"	"G"	"CRY2"	"-"	0.45	"0.024"	"0.002"	1.56e-40
"FG"	11	61609750	"rs174583"	"T"	"C"	"FADS2"	"-"	0.36	"-0.017"	"0.002"	3.37e-22
"FG"	11	72460694	"rs11603349"	"T"	"C"	"ARAP1"	"-"	0.82	"0.024"	"0.002"	3.12e-25
"FG"	11	92708710	"rs10830963"	"C"	"G"	"MTNR1B"	"-"	0.71	"-0.077"	"0.002"	1.4278497164812e-321
"FG"	12	56865338	"rs2657879"	"A"	"G"	"GLS2"	"-"	0.82	"-0.012"	"0.002"	7.33e-09
"FG"	12	57780936	"rs12315434"	"A"	"C"	"INHBC"	"47,531"	0.77	"0.011"	"0.002"	4.41e-08
"FG"	12	97848910	"rs6538804"	"C"	"G"	"RMST"	"9,888"	0.61	"0.014"	"0.002"	9.41e-14
"FG"	12	121893626	"rs6489811"	"A"	"G"	"KDM2B"	"-"	0.47	"-0.011"	"0.002"	3.27e-09
"FG"	12	133063768	"rs11610045"	"A"	"G"	"FBRSL1"	"3,388"	0.5	"0.014"	"0.002"	3.26e-13
"FG"	13	28487599	"rs11619319"	"A"	"G"	"PDX1-AS1"	"-"	0.78	"-0.017"	"0.002"	3.41e-20
"FG"	14	90055468	"rs35889227"	"T"	"G"	"FOXN3"	"-"	0.62	"-0.013"	"0.002"	3.37e-10
"FG"	14	100830818	"rs12888855"	"A"	"C"	"WARS"	"-"	0.21	"-0.014"	"0.002"	6.02e-12
"FG"	15	62391608	"rs7163757"	"T"	"C"	"C2CD4A"	"28,492"	0.45	"-0.022"	"0.002"	2.64e-36
"FG"	15	75102923	"rs11630478"	"T"	"G"	"LMAN1L"	"2,270"	0.64	"-0.01"	"0.002"	4.64e-09
"FG"	15	77747190	"rs7178572"	"A"	"G"	"HMG20A"	"-"	0.3	"-0.012"	"0.002"	7.09e-10
"FG"	15	99271135	"rs6598541"	"A"	"G"	"IGF1R"	"-"	0.36	"0.011"	"0.002"	4.12e-12
"FG"	16	4014282	"rs2238435"	"C"	"G"	"ADCY9"	"-"	0.4	"0.011"	"0.002"	3.82e-09
"FG"	20	22557099	"rs6113722"	"A"	"G"	"LINC00261"	"-"	0.04	"-0.042"	"0.004"	7.66e-25
"FG"	20	39832628	"rs17265513"	"T"	"C"	"ZHX3"	"-"	0.79	"-0.016"	"0.002"	5.1e-14
"FG"	22	30343186	"rs39713"	"T"	"C"	"MTMR3"	"-"	0.09	"-0.017"	"0.003"	1.77e-08
