"Metabolite"	"Number_of_IVs_T2DM"	"Number_of_Proxies_T2DM"	"Simple_Median_Estimate_T2DM"	"Simple_Median_SE_T2DM"	"Simple_Median_Pval_T2DM"	"Weighted_Median_Estimate_T2DM"	"Weighted_Median_SE_T2DM"	"Weighted_Median_Pval_T2DM"	"Random_IVW_Estimate_T2DM"	"Random_IVW_SE_T2DM"	"Random_IVW_Pval_T2DM"	"Random_IVW_RSE_T2DM"	"Random_IVW_HetStat_T2DM"	"Random_IVW_FStat_T2DM"	"Fixed_IVW_Estimate_T2DM"	"Fixed_IVW_SE_T2DM"	"Fixed_IVW_Pval_T2DM"	"Fixed_IVW_RSE_T2DM"	"Fixed_IVW_HetStat_T2DM"	"Fixed_IVW_FStat_T2DM"	"Egger_Estimate_T2DM"	"Egger_SE_T2DM"	"Egger_Pval_T2DM"	"Egger_Intercept_T2DM"	"Egger_Intercept_SE_T2DM"	"Egger_Intercept_Pval_T2DM"	"Egger_RSE_T2DM"	"Egger_HetStat_T2DM"	"Egger_Isq_T2DM"	"Number_of_IVs_FG"	"Number_of_Proxies_FG"	"Simple_Median_Estimate_FG"	"Simple_Median_SE_FG"	"Simple_Median_Pval_FG"	"Weighted_Median_Estimate_FG"	"Weighted_Median_SE_FG"	"Weighted_Median_Pval_FG"	"Random_IVW_Estimate_FG"	"Random_IVW_SE_FG"	"Random_IVW_Pval_FG"	"Random_IVW_RSE_FG"	"Random_IVW_HetStat_FG"	"Random_IVW_FStat_FG"	"Fixed_IVW_Estimate_FG"	"Fixed_IVW_SE_FG"	"Fixed_IVW_Pval_FG"	"Fixed_IVW_RSE_FG"	"Fixed_IVW_HetStat_FG"	"Fixed_IVW_FStat_FG"	"Egger_Estimate_FG"	"Egger_SE_FG"	"Egger_Pval_FG"	"Egger_Intercept_FG"	"Egger_Intercept_SE_FG"	"Egger_Intercept_Pval_FG"	"Egger_RSE_FG"	"Egger_HetStat_FG"	"Egger_Isq_FG"	"Number_of_IVs_HBA1C"	"Number_of_Proxies_HBA1C"	"Simple_Median_Estimate_HBA1C"	"Simple_Median_SE_HBA1C"	"Simple_Median_Pval_HBA1C"	"Weighted_Median_Estimate_HBA1C"	"Weighted_Median_SE_HBA1C"	"Weighted_Median_Pval_HBA1C"	"Random_IVW_Estimate_HBA1C"	"Random_IVW_SE_HBA1C"	"Random_IVW_Pval_HBA1C"	"Random_IVW_RSE_HBA1C"	"Random_IVW_HetStat_HBA1C"	"Random_IVW_FStat_HBA1C"	"Fixed_IVW_Estimate_HBA1C"	"Fixed_IVW_SE_HBA1C"	"Fixed_IVW_Pval_HBA1C"	"Fixed_IVW_RSE_HBA1C"	"Fixed_IVW_HetStat_HBA1C"	"Fixed_IVW_FStat_HBA1C"	"Egger_Estimate_HBA1C"	"Egger_SE_HBA1C"	"Egger_Pval_HBA1C"	"Egger_Intercept_HBA1C"	"Egger_Intercept_SE_HBA1C"	"Egger_Intercept_Pval_HBA1C"	"Egger_RSE_HBA1C"	"Egger_HetStat_HBA1C"	"Egger_Isq_HBA1C"
"1-(1-enyl-oleoyl)-GPC (P-18_1)*"	2	0	NA	NA	NA	NA	NA	NA	0.154363243823902	0.107805101559876	0.152180091912897	3.61025595572111	13.0339480658198	70.4259935495826	0.154363243823902	0.0298607918336203	2.34810296904461e-07	3.61025595572111	13.0339480658198	70.4259935495826	NA	NA	NA	NA	NA	NA	NA	NA	NA	2	0	NA	NA	NA	NA	NA	NA	0.115351902650549	0.0539342881369801	0.0324560051251255	3.74702347380884	14.0401849132745	70.4259935495826	0.115351902650549	0.0143939018567599	1.11088608482891e-15	3.74702347380884	14.0401849132745	70.4259935495826	NA	NA	NA	NA	NA	NA	NA	NA	NA	2	0	NA	NA	NA	NA	NA	NA	0.0712916811381823	0.0286963679446943	0.0129789959855833	2.56619588532817	6.58536132187521	70.4259935495826	0.0712916811381823	0.0111824541956292	1.82585871333268e-10	2.56619588532817	6.58536132187521	70.4259935495826	NA	NA	NA	NA	NA	NA	NA	NA	NA
"1-(1-enyl-stearoyl)-2-arachidonoyl-GPE (P-18_0_20_4)*"	NA	NA	NA	NA	NA	NA	NA	NA	NA	NA	NA	NA	NA	NA	NA	NA	NA	NA	NA	NA	NA	NA	NA	NA	NA	NA	NA	NA	NA	2	0	NA	NA	NA	NA	NA	NA	0.0561891653982523	0.0154701122300108	0.00028111210522857	2.57902467390021	6.65136826858611	370.409090727489	0.0561891653982523	0.00599843513967458	7.44088352819827e-21	2.57902467390021	6.65136826858611	370.409090727489	NA	NA	NA	NA	NA	NA	NA	NA	NA	NA	NA	NA	NA	NA	NA	NA	NA	NA	NA	NA	NA	NA	NA	NA	NA	NA	NA	NA	NA	NA	NA	NA	NA	NA	NA	NA	NA	NA
"1-(1-enyl-stearoyl)-2-linoleoyl-GPC (P-18_0_18_2)*"	2	0	NA	NA	NA	NA	NA	NA	-0.177464575474147	0.117914994410519	0.132318606563815	3.21005650453259	10.304462762292	47.3490425081724	-0.177464575474147	0.0367329965201621	1.35710314435942e-06	3.21005650453259	10.304462762292	47.3490425081724	NA	NA	NA	NA	NA	NA	NA	NA	NA	2	0	NA	NA	NA	NA	NA	NA	-0.0776187433404088	0.0177086130060907	1.1699868155594e-05	1.08322967260836	1.17338652361921	47.3490425081724	-0.0776187433404088	0.0163479762915369	2.05528007733191e-06	1.08322967260836	1.17338652361921	47.3490425081724	NA	NA	NA	NA	NA	NA	NA	NA	NA	NA	NA	NA	NA	NA	NA	NA	NA	NA	NA	NA	NA	NA	NA	NA	NA	NA	NA	NA	NA	NA	NA	NA	NA	NA	NA	NA	NA	NA
"1-adrenoyl-GPC (22_4)*"	NA	NA	NA	NA	NA	NA	NA	NA	NA	NA	NA	NA	NA	NA	NA	NA	NA	NA	NA	NA	NA	NA	NA	NA	NA	NA	NA	NA	NA	2	0	NA	NA	NA	NA	NA	NA	-0.255080824167037	0.13692168327318	0.0624666557844058	6.9325247550404	48.0598994792479	50.484470223905	-0.255080824167037	0.0197506230574407	3.70072068447286e-38	6.9325247550404	48.0598994792479	50.484470223905	NA	NA	NA	NA	NA	NA	NA	NA	NA	NA	NA	NA	NA	NA	NA	NA	NA	NA	NA	NA	NA	NA	NA	NA	NA	NA	NA	NA	NA	NA	NA	NA	NA	NA	NA	NA	NA	NA
"1-arachidonoyl-GPA (20_4)"	1	0	NA	NA	NA	NA	NA	NA	NA	NA	NA	NA	NA	NA	0.0793303491516294	0.0128376913564877	6.4310156104478e-10	NA	NA	808.455676050236	NA	NA	NA	NA	NA	NA	NA	NA	NA	1	0	NA	NA	NA	NA	NA	NA	NA	NA	NA	NA	NA	NA	0.054971652731627	0.00559591674513568	8.91658849460293e-23	NA	NA	808.455676050236	NA	NA	NA	NA	NA	NA	NA	NA	NA	1	0	NA	NA	NA	NA	NA	NA	NA	NA	NA	NA	NA	NA	0.0279795837256784	0.00427923045216258	6.21548643321079e-11	NA	NA	808.455676050236	NA	NA	NA	NA	NA	NA	NA	NA	NA
"1-arachidonoyl-GPI (20_4)*"	NA	NA	NA	NA	NA	NA	NA	NA	NA	NA	NA	NA	NA	NA	NA	NA	NA	NA	NA	NA	NA	NA	NA	NA	NA	NA	NA	NA	NA	2	0	NA	NA	NA	NA	NA	NA	0.051261789961806	0.0448628588728972	0.253190933985783	6.44101056134845	41.4866170514022	311.495523576119	0.051261789961806	0.00696518945988268	1.84307133263232e-13	6.44101056134845	41.4866170514022	311.495523576119	NA	NA	NA	NA	NA	NA	NA	NA	NA	NA	NA	NA	NA	NA	NA	NA	NA	NA	NA	NA	NA	NA	NA	NA	NA	NA	NA	NA	NA	NA	NA	NA	NA	NA	NA	NA	NA	NA
"1-arachidoyl-GPC (20_0)"	2	0	NA	NA	NA	NA	NA	NA	-0.349508062891598	0.198761466986277	0.07867442667691	5.28697499138225	27.9521045595013	46.7489989108224	-0.349508062891598	0.0375945540333097	1.44771866326427e-20	5.28697499138225	27.9521045595013	46.7489989108224	NA	NA	NA	NA	NA	NA	NA	NA	NA	NA	NA	NA	NA	NA	NA	NA	NA	NA	NA	NA	NA	NA	NA	NA	NA	NA	NA	NA	NA	NA	NA	NA	NA	NA	NA	NA	NA	NA	NA	NA	NA	NA	NA	NA	NA	NA	NA	NA	NA	NA	NA	NA	NA	NA	NA	NA	NA	NA	NA	NA	NA	NA	NA	NA	NA	NA	NA
"1-docosapentaenoyl-GPC (22_5n3)*"	4	0	-0.0119431693288346	0.0273755159829069	0.662639441621297	0.0641946953336407	0.0193240194177107	0.0008936967438144	0.0608968517105853	0.0382904399808188	0.111746223684545	2.7645112212134	22.9275668766443	177.645974175415	0.0608968517105853	0.0138507088294662	1.09929546167765e-05	2.7645112212134	22.9275668766443	177.645974175415	0.208556680046607	0.0834219807024487	0.0124186043870784	-0.0248948759080032	0.0132375484669994	0.0600228320624454	2.0349389559297	8.2819531087205	0.976134916747448	NA	NA	NA	NA	NA	NA	NA	NA	NA	NA	NA	NA	NA	NA	NA	NA	NA	NA	NA	NA	NA	NA	NA	NA	NA	NA	NA	NA	NA	4	0	0.0169142521620005	0.0106973523622348	0.113840892399207	0.0324970590737721	0.0057658762941443	1.73943749737234e-08	0.0298007675901966	0.00900833853769143	0.00093920730511092	1.81011646210499	9.82956481915046	177.645974175415	0.0298007675901966	0.0049766624006146	2.12302466249162e-09	1.81011646210499	9.82956481915046	177.645974175415	0.058050787603689	0.0282810645396558	0.0401076997523246	-0.00518337269737939	0.00492827243725998	0.292908476007071	1.7789023816523	6.32898736689647	0.986111547784174
"1-eicosapentaenoyl-GPC (20_5)*"	2	0	NA	NA	NA	NA	NA	NA	0.0805090596021448	0.0477731720868764	0.0919430876755477	3.45820999835522	11.959216392724	354.207224889323	0.0805090596021448	0.0138144219436061	5.61294382059401e-09	3.45820999835522	11.959216392724	354.207224889323	NA	NA	NA	NA	NA	NA	NA	NA	NA	2	0	NA	NA	NA	NA	NA	NA	0.0535551195013774	0.0252866317807009	0.0341816548279568	4.14892811104238	17.2136044705977	354.207224889323	0.0535551195013774	0.00609473847314937	1.53460513012422e-18	4.14892811104238	17.2136044705977	354.207224889323	NA	NA	NA	NA	NA	NA	NA	NA	NA	2	0	NA	NA	NA	NA	NA	NA	0.0305992923266953	0.00578626470224203	1.23483022087581e-07	1.23944722175174	1.53622941550811	354.207224889323	0.0305992923266953	0.00466842363329045	5.58198316273622e-11	1.23944722175174	1.53622941550811	354.207224889323	NA	NA	NA	NA	NA	NA	NA	NA	NA
"1-linoleoyl-2-arachidonoyl-GPC (18_2_20_4n6)*"	2	0	NA	NA	NA	NA	NA	NA	0.0977930014418038	0.0274565652733914	0.00036841255500506	1.72346561105442	2.9703337124872	243.789341163331	0.0977930014418038	0.0159310200895702	8.329001037173e-10	1.72346561105442	2.9703337124872	243.789341163331	NA	NA	NA	NA	NA	NA	NA	NA	NA	2	0	NA	NA	NA	NA	NA	NA	0.0669766932899239	0.0197693582644082	0.00070428840932984	2.76588924011945	7.65014328860855	243.789341163331	0.0669766932899239	0.00714755962663005	7.21432546314383e-21	2.76588924011945	7.65014328860855	243.789341163331	NA	NA	NA	NA	NA	NA	NA	NA	NA	2	0	NA	NA	NA	NA	NA	NA	0.0328331722886286	0.0143066603674398	0.0217355809510173	2.61505424873043	6.83850872380305	243.789341163331	0.0328331722886286	0.00547088473380063	1.95578337342702e-09	2.61505424873043	6.83850872380305	243.789341163331	NA	NA	NA	NA	NA	NA	NA	NA	NA
"1-linoleoyl-GPE (18_2)*"	NA	NA	NA	NA	NA	NA	NA	NA	NA	NA	NA	NA	NA	NA	NA	NA	NA	NA	NA	NA	NA	NA	NA	NA	NA	NA	NA	NA	NA	NA	NA	NA	NA	NA	NA	NA	NA	NA	NA	NA	NA	NA	NA	NA	NA	NA	NA	NA	NA	NA	NA	NA	NA	NA	NA	NA	NA	NA	2	0	NA	NA	NA	NA	NA	NA	-0.0396373981493552	0.0129168146026152	0.0021501636930418	2.05229755033183	4.21192523509805	194.145605542259	-0.0396373981493552	0.00629383132115843	3.01866505007589e-10	2.05229755033183	4.21192523509805	194.145605542259	NA	NA	NA	NA	NA	NA	NA	NA	NA
"1-linoleoyl-GPI (18_2)*"	2	0	NA	NA	NA	NA	NA	NA	-0.162797694819261	0.055476783515412	0.00334064720948474	2.17466261649216	4.72915749556854	103.345026647139	-0.162797694819261	0.0255105242968212	1.75259206394959e-10	2.17466261649216	4.72915749556854	103.345026647139	NA	NA	NA	NA	NA	NA	NA	NA	NA	NA	NA	NA	NA	NA	NA	NA	NA	NA	NA	NA	NA	NA	NA	NA	NA	NA	NA	NA	NA	NA	NA	NA	NA	NA	NA	NA	NA	NA	2	0	NA	NA	NA	NA	NA	NA	-0.0465178072493462	0.0339040951225938	0.170050686864036	3.94073042751835	15.5293563023689	103.345026647139	-0.0465178072493462	0.00860350530090553	6.41451223369551e-08	3.94073042751835	15.5293563023689	103.345026647139	NA	NA	NA	NA	NA	NA	NA	NA	NA
"1-margaroyl-GPC (17_0)"	1	0	NA	NA	NA	NA	NA	NA	NA	NA	NA	NA	NA	NA	-0.688520610708786	0.0576650427729302	7.32231946236117e-33	NA	NA	42.7199104323286	NA	NA	NA	NA	NA	NA	NA	NA	NA	NA	NA	NA	NA	NA	NA	NA	NA	NA	NA	NA	NA	NA	NA	NA	NA	NA	NA	NA	NA	NA	NA	NA	NA	NA	NA	NA	NA	NA	NA	NA	NA	NA	NA	NA	NA	NA	NA	NA	NA	NA	NA	NA	NA	NA	NA	NA	NA	NA	NA	NA	NA	NA	NA	NA	NA	NA	NA
"1-palmitoleoyl-GPC (16_1)*"	1	0	NA	NA	NA	NA	NA	NA	NA	NA	NA	NA	NA	NA	-0.607574194398276	0.0573776406094103	3.35005917257862e-26	NA	NA	41.1585307221398	NA	NA	NA	NA	NA	NA	NA	NA	NA	NA	NA	NA	NA	NA	NA	NA	NA	NA	NA	NA	NA	NA	NA	NA	NA	NA	NA	NA	NA	NA	NA	NA	NA	NA	NA	NA	NA	NA	NA	NA	NA	NA	NA	NA	NA	NA	NA	NA	NA	NA	NA	NA	NA	NA	NA	NA	NA	NA	NA	NA	NA	NA	NA	NA	NA	NA	NA
"1-palmitoyl-2-arachidonoyl-GPI (16_0_20_4)*"	4	0	0.0546920464370516	0.0287168588532332	0.056841523013575	0.0934126734847159	0.0198267096338836	2.45952996282856e-06	0.10043243811726	0.0220599454338531	5.29603497205661e-06	1.31654216297966	5.19984980070952	120.305550805033	0.10043243811726	0.016755973377963	2.04956968529415e-09	1.31654216297966	5.19984980070952	120.305550805033	0.151709864227205	0.0492869083632741	0.00208327383690454	-0.00766246861206658	0.00666549451080063	0.25032002570476	1.25120127178411	3.13100924502837	0.961268402161911	4	0	0.0403739577774547	0.0162698891373565	0.0130825568706243	0.0695456400089255	0.010113364213902	6.12945237417059e-12	0.0658037611525428	0.0168800492809684	9.68640806756688e-05	2.16442938499983	14.0542636879522	120.305550805033	0.0658037611525428	0.00779884499718603	3.23839466243232e-17	2.16442938499983	14.0542636879522	120.305550805033	0.0992703770794433	0.0408226793126628	0.0150262508054209	-0.0050173302389266	0.00553594264418714	0.364767009026588	2.2318788891117	9.9625667513249	0.967225706720041	NA	NA	NA	NA	NA	NA	NA	NA	NA	NA	NA	NA	NA	NA	NA	NA	NA	NA	NA	NA	NA	NA	NA	NA	NA	NA	NA	NA	NA
"1-palmitoyl-2-docosahexaenoyl-GPE (16_0_22_6)*"	NA	NA	NA	NA	NA	NA	NA	NA	NA	NA	NA	NA	NA	NA	NA	NA	NA	NA	NA	NA	NA	NA	NA	NA	NA	NA	NA	NA	NA	NA	NA	NA	NA	NA	NA	NA	NA	NA	NA	NA	NA	NA	NA	NA	NA	NA	NA	NA	NA	NA	NA	NA	NA	NA	NA	NA	NA	NA	1	0	NA	NA	NA	NA	NA	NA	NA	NA	NA	NA	NA	NA	-0.109744867842583	0.0232400896607824	2.33281585174143e-06	NA	NA	31.2651532158019	NA	NA	NA	NA	NA	NA	NA	NA	NA
"1-palmitoyl-2-linoleoyl-GPE (16_0_18_2)"	2	0	NA	NA	NA	NA	NA	NA	-0.0541757982177808	0.033863779847706	0.109639530179761	3.58571011745137	12.8573170463932	765.504997557128	-0.0541757982177808	0.0094440930076566	9.66676262696275e-09	3.58571011745137	12.8573170463932	765.504997557128	NA	NA	NA	NA	NA	NA	NA	NA	NA	2	0	NA	NA	NA	NA	NA	NA	-0.0357905545068274	0.0212495718658359	0.0921246088572001	5.00647986801264	25.0648406688159	765.504997557128	-0.0357905545068274	0.00424441372502135	3.38674280519811e-17	5.00647986801264	25.0648406688159	765.504997557128	NA	NA	NA	NA	NA	NA	NA	NA	NA	2	0	NA	NA	NA	NA	NA	NA	-0.0194737545382939	0.0102949829378989	0.0585473420577626	3.17689041627734	10.0926327170348	765.504997557128	-0.0194737545382939	0.00324058484521557	1.8628775623749e-09	3.17689041627734	10.0926327170348	765.504997557128	NA	NA	NA	NA	NA	NA	NA	NA	NA
"1-palmitoyl-2-linoleoyl-GPI (16_0_18_2)"	1	0	NA	NA	NA	NA	NA	NA	NA	NA	NA	NA	NA	NA	-0.167038251823913	0.025055737773587	2.6167849372106e-11	NA	NA	159.296061888122	NA	NA	NA	NA	NA	NA	NA	NA	NA	1	0	NA	NA	NA	NA	NA	NA	NA	NA	NA	NA	NA	NA	-0.105362589612007	0.0109217318500251	5.05857568590161e-22	NA	NA	159.296061888122	NA	NA	NA	NA	NA	NA	NA	NA	NA	1	0	NA	NA	NA	NA	NA	NA	NA	NA	NA	NA	NA	NA	-0.0552511140648328	0.00835191259119566	3.70586947022736e-11	NA	NA	159.296061888122	NA	NA	NA	NA	NA	NA	NA	NA	NA
"1-palmitoyl-2-oleoyl-GPC (16_0_18_1)"	1	0	NA	NA	NA	NA	NA	NA	NA	NA	NA	NA	NA	NA	-0.337616264766308	0.0507091622969158	2.77777594680935e-11	NA	NA	52.4948529740629	NA	NA	NA	NA	NA	NA	NA	NA	NA	NA	NA	NA	NA	NA	NA	NA	NA	NA	NA	NA	NA	NA	NA	NA	NA	NA	NA	NA	NA	NA	NA	NA	NA	NA	NA	NA	NA	NA	NA	NA	NA	NA	NA	NA	NA	NA	NA	NA	NA	NA	NA	NA	NA	NA	NA	NA	NA	NA	NA	NA	NA	NA	NA	NA	NA	NA	NA
"1-palmitoyl-2-stearoyl-GPC (16_0_18_0)"	2	0	NA	NA	NA	NA	NA	NA	0.113615504670513	0.121506865842635	0.349760370414527	4.83396593644724	23.3672266747323	102.817281402912	0.113615504670513	0.0251360616603636	6.1833751896232e-06	4.83396593644724	23.3672266747323	102.817281402912	NA	NA	NA	NA	NA	NA	NA	NA	NA	2	0	NA	NA	NA	NA	NA	NA	0.0820970239773758	0.0623317717724199	0.187805927685819	5.52320470096914	30.5057901688076	102.817281402912	0.0820970239773758	0.011285435747381	3.47449993548767e-13	5.52320470096914	30.5057901688076	102.817281402912	NA	NA	NA	NA	NA	NA	NA	NA	NA	2	0	NA	NA	NA	NA	NA	NA	0.0494401713914734	0.0348539522536064	0.156046176986011	3.99851066646446	15.9880875498301	102.817281402912	0.0494401713914734	0.0087167335943172	1.41247939683879e-08	3.99851066646446	15.9880875498301	102.817281402912	NA	NA	NA	NA	NA	NA	NA	NA	NA
"1-palmitoyl-GPE (16_0)"	2	0	NA	NA	NA	NA	NA	NA	-0.159487056783039	0.249049157125935	0.521923083125611	9.39541623713281	88.2738462689789	98.0532158175737	-0.159487056783039	0.026507517159446	1.78038462199655e-09	9.39541623713281	88.2738462689789	98.0532158175737	NA	NA	NA	NA	NA	NA	NA	NA	NA	NA	NA	NA	NA	NA	NA	NA	NA	NA	NA	NA	NA	NA	NA	NA	NA	NA	NA	NA	NA	NA	NA	NA	NA	NA	NA	NA	NA	NA	NA	NA	NA	NA	NA	NA	NA	NA	NA	NA	NA	NA	NA	NA	NA	NA	NA	NA	NA	NA	NA	NA	NA	NA	NA	NA	NA	NA	NA
"1-stearoyl-2-docosahexaenoyl-GPE (18_0_22_6)*"	NA	NA	NA	NA	NA	NA	NA	NA	NA	NA	NA	NA	NA	NA	NA	NA	NA	NA	NA	NA	NA	NA	NA	NA	NA	NA	NA	NA	NA	NA	NA	NA	NA	NA	NA	NA	NA	NA	NA	NA	NA	NA	NA	NA	NA	NA	NA	NA	NA	NA	NA	NA	NA	NA	NA	NA	NA	NA	1	0	NA	NA	NA	NA	NA	NA	NA	NA	NA	NA	NA	NA	-0.0965365820323638	0.0204430409009711	2.33281585174144e-06	NA	NA	39.9882454117002	NA	NA	NA	NA	NA	NA	NA	NA	NA
"1-stearyl-GPC (O-18_0)*"	1	0	NA	NA	NA	NA	NA	NA	NA	NA	NA	NA	NA	NA	0.229191183358963	0.0381985305598272	1.97317529007541e-09	NA	NA	86.0311314149178	NA	NA	NA	NA	NA	NA	NA	NA	NA	1	0	NA	NA	NA	NA	NA	NA	NA	NA	NA	NA	NA	NA	0.151839158975313	0.0171893387519222	1.01601674721985e-18	NA	NA	86.0311314149178	NA	NA	NA	NA	NA	NA	NA	NA	NA	1	0	NA	NA	NA	NA	NA	NA	NA	NA	NA	NA	NA	NA	0.0916764733435852	0.0133694856959395	7.02513719345833e-12	NA	NA	86.0311314149178	NA	NA	NA	NA	NA	NA	NA	NA	NA
"1,2-dilinoleoyl-GPC (18_2_18_2)"	NA	NA	NA	NA	NA	NA	NA	NA	NA	NA	NA	NA	NA	NA	NA	NA	NA	NA	NA	NA	NA	NA	NA	NA	NA	NA	NA	NA	NA	2	1	NA	NA	NA	NA	NA	NA	-0.059701685140993	0.0325823453015828	0.0669019210922975	4.88040583292518	23.8183610940501	281.523664245442	-0.059701685140993	0.00667615489715409	3.80376149833078e-19	4.88040583292518	23.8183610940501	281.523664245442	NA	NA	NA	NA	NA	NA	NA	NA	NA	NA	NA	NA	NA	NA	NA	NA	NA	NA	NA	NA	NA	NA	NA	NA	NA	NA	NA	NA	NA	NA	NA	NA	NA	NA	NA	NA	NA	NA
"1,3,7-trimethylurate"	1	0	NA	NA	NA	NA	NA	NA	NA	NA	NA	NA	NA	NA	0.127946483113694	0.027010924212891	2.170741577788e-06	NA	NA	181.895068867201	NA	NA	NA	NA	NA	NA	NA	NA	NA	NA	NA	NA	NA	NA	NA	NA	NA	NA	NA	NA	NA	NA	NA	NA	NA	NA	NA	NA	NA	NA	NA	NA	NA	NA	NA	NA	NA	NA	NA	NA	NA	NA	NA	NA	NA	NA	NA	NA	NA	NA	NA	NA	NA	NA	NA	NA	NA	NA	NA	NA	NA	NA	NA	NA	NA	NA	NA
"2-arachidonoyl-GPC (20_4)*"	1	0	NA	NA	NA	NA	NA	NA	NA	NA	NA	NA	NA	NA	-0.228074597937725	0.0443221890729183	2.66335811759332e-07	NA	NA	62.075115018467	NA	NA	NA	NA	NA	NA	NA	NA	NA	NA	NA	NA	NA	NA	NA	NA	NA	NA	NA	NA	NA	NA	NA	NA	NA	NA	NA	NA	NA	NA	NA	NA	NA	NA	NA	NA	NA	NA	NA	NA	NA	NA	NA	NA	NA	NA	NA	NA	NA	NA	NA	NA	NA	NA	NA	NA	NA	NA	NA	NA	NA	NA	NA	NA	NA	NA	NA
"2-arachidonoyl-GPE (20_4)*"	1	0	NA	NA	NA	NA	NA	NA	NA	NA	NA	NA	NA	NA	-0.1959619019529	0.0432939085709896	6.00208704627145e-06	NA	NA	66.4408407080084	NA	NA	NA	NA	NA	NA	NA	NA	NA	NA	NA	NA	NA	NA	NA	NA	NA	NA	NA	NA	NA	NA	NA	NA	NA	NA	NA	NA	NA	NA	NA	NA	NA	NA	NA	NA	NA	NA	NA	NA	NA	NA	NA	NA	NA	NA	NA	NA	NA	NA	NA	NA	NA	NA	NA	NA	NA	NA	NA	NA	NA	NA	NA	NA	NA	NA	NA
"2-hydroxypalmitate"	NA	NA	NA	NA	NA	NA	NA	NA	NA	NA	NA	NA	NA	NA	NA	NA	NA	NA	NA	NA	NA	NA	NA	NA	NA	NA	NA	NA	NA	1	0	NA	NA	NA	NA	NA	NA	NA	NA	NA	NA	NA	NA	0.120430819199254	0.0243567948942312	7.63613133991869e-07	NA	NA	54.9503355300861	NA	NA	NA	NA	NA	NA	NA	NA	NA	NA	NA	NA	NA	NA	NA	NA	NA	NA	NA	NA	NA	NA	NA	NA	NA	NA	NA	NA	NA	NA	NA	NA	NA	NA	NA	NA	NA	NA
"2-linoleoyl-GPE (18_2)*"	1	0	NA	NA	NA	NA	NA	NA	NA	NA	NA	NA	NA	NA	-0.153394762309189	0.0230980530118084	3.11507836370781e-11	NA	NA	249.151629400474	NA	NA	NA	NA	NA	NA	NA	NA	NA	1	0	NA	NA	NA	NA	NA	NA	NA	NA	NA	NA	NA	NA	-0.0971302742035021	0.0100683820820703	5.05857568590161e-22	NA	NA	249.151629400474	NA	NA	NA	NA	NA	NA	NA	NA	NA	1	0	NA	NA	NA	NA	NA	NA	NA	NA	NA	NA	NA	NA	-0.0509341681798853	0.00769935100393614	3.70586947022732e-11	NA	NA	249.151629400474	NA	NA	NA	NA	NA	NA	NA	NA	NA
"2-palmitoyl-GPE (16_0)*"	2	0	NA	NA	NA	NA	NA	NA	-0.196264099756126	0.308009124017966	0.523993127281881	9.41782670883152	88.6954599175804	64.2412680703304	-0.196264099756126	0.0327049045964216	1.96033345715199e-09	9.41782670883152	88.6954599175804	64.2412680703304	NA	NA	NA	NA	NA	NA	NA	NA	NA	NA	NA	NA	NA	NA	NA	NA	NA	NA	NA	NA	NA	NA	NA	NA	NA	NA	NA	NA	NA	NA	NA	NA	NA	NA	NA	NA	NA	NA	NA	NA	NA	NA	NA	NA	NA	NA	NA	NA	NA	NA	NA	NA	NA	NA	NA	NA	NA	NA	NA	NA	NA	NA	NA	NA	NA	NA	NA
"2-stearoyl-GPE (18_0)*"	NA	NA	NA	NA	NA	NA	NA	NA	NA	NA	NA	NA	NA	NA	NA	NA	NA	NA	NA	NA	NA	NA	NA	NA	NA	NA	NA	NA	NA	NA	NA	NA	NA	NA	NA	NA	NA	NA	NA	NA	NA	NA	NA	NA	NA	NA	NA	NA	NA	NA	NA	NA	NA	NA	NA	NA	NA	NA	2	0	NA	NA	NA	NA	NA	NA	-0.074405311252422	0.030204650624482	0.0137636767882706	2.41252438173421	5.82027389246202	50.2241730424434	-0.074405311252422	0.0125199359033088	2.79943549725649e-09	2.41252438173421	5.82027389246202	50.2241730424434	NA	NA	NA	NA	NA	NA	NA	NA	NA
"5-acetylamino-6-amino-3-methyluracil"	2	0	NA	NA	NA	NA	NA	NA	0.0539853929639031	0.0232308431168898	0.0201326158922914	2.63500994591587	6.94327741507555	858.87553101483	0.0539853929639031	0.00881622597018901	9.15918600729983e-10	2.63500994591587	6.94327741507555	858.87553101483	NA	NA	NA	NA	NA	NA	NA	NA	NA	NA	NA	NA	NA	NA	NA	NA	NA	NA	NA	NA	NA	NA	NA	NA	NA	NA	NA	NA	NA	NA	NA	NA	NA	NA	NA	NA	NA	NA	NA	NA	NA	NA	NA	NA	NA	NA	NA	NA	NA	NA	NA	NA	NA	NA	NA	NA	NA	NA	NA	NA	NA	NA	NA	NA	NA	NA	NA
"5-acetylamino-6-formylamino-3-methyluracil"	2	0	NA	NA	NA	NA	NA	NA	0.0254239836138373	0.00839974966614948	0.00247194290630108	1.80185136924172	3.24666835683826	2997.8206129552	0.0254239836138373	0.00466173282077333	4.93150597928623e-08	1.80185136924172	3.24666835683826	2997.8206129552	NA	NA	NA	NA	NA	NA	NA	NA	NA	NA	NA	NA	NA	NA	NA	NA	NA	NA	NA	NA	NA	NA	NA	NA	NA	NA	NA	NA	NA	NA	NA	NA	NA	NA	NA	NA	NA	NA	NA	NA	NA	NA	NA	NA	NA	NA	NA	NA	NA	NA	NA	NA	NA	NA	NA	NA	NA	NA	NA	NA	NA	NA	NA	NA	NA	NA	NA
"arachidonate (20_4n6)"	1	0	NA	NA	NA	NA	NA	NA	NA	NA	NA	NA	NA	NA	-0.275612108829425	0.0535602478696858	2.66335811759332e-07	NA	NA	42.4680672207546	NA	NA	NA	NA	NA	NA	NA	NA	NA	NA	NA	NA	NA	NA	NA	NA	NA	NA	NA	NA	NA	NA	NA	NA	NA	NA	NA	NA	NA	NA	NA	NA	NA	NA	NA	NA	NA	NA	NA	NA	NA	NA	NA	NA	NA	NA	NA	NA	NA	NA	NA	NA	NA	NA	NA	NA	NA	NA	NA	NA	NA	NA	NA	NA	NA	NA	NA
"cysteine sulfinic acid"	1	0	NA	NA	NA	NA	NA	NA	NA	NA	NA	NA	NA	NA	0.364303125509905	0.0564563323158624	1.09780349287736e-10	NA	NA	31.7441430874717	NA	NA	NA	NA	NA	NA	NA	NA	NA	1	0	NA	NA	NA	NA	NA	NA	NA	NA	NA	NA	NA	NA	0.190673273293196	0.0244999177974497	7.1044117485605e-15	NA	NA	31.7441430874717	NA	NA	NA	NA	NA	NA	NA	NA	NA	NA	NA	NA	NA	NA	NA	NA	NA	NA	NA	NA	NA	NA	NA	NA	NA	NA	NA	NA	NA	NA	NA	NA	NA	NA	NA	NA	NA	NA
"docosahexaenoate (DHA; 22_6n3)"	2	2	NA	NA	NA	NA	NA	NA	0.161944648603609	0.156594139608118	0.301057629815626	4.17181824312774	17.4040674536934	50.0879712838747	0.161944648603609	0.0375361845799673	1.60065249168144e-05	4.17181824312774	17.4040674536934	50.0879712838747	NA	NA	NA	NA	NA	NA	NA	NA	NA	2	1	NA	NA	NA	NA	NA	NA	0.150438445171692	0.0576036536599282	0.00901162265164845	3.335885051491	11.1281290767611	50.0879712838747	0.150438445171692	0.0172678772711853	2.98453152356403e-18	3.335885051491	11.1281290767611	50.0879712838747	NA	NA	NA	NA	NA	NA	NA	NA	NA	2	1	NA	NA	NA	NA	NA	NA	0.0652958839847776	0.0612698785403786	0.286555038244761	4.69387652803726	22.0324768604592	50.0879712838747	0.0652958839847776	0.0130531508816655	5.66479244428748e-07	4.69387652803726	22.0324768604592	50.0879712838747	NA	NA	NA	NA	NA	NA	NA	NA	NA
"dopamine sulfate (2)"	2	0	NA	NA	NA	NA	NA	NA	0.305636815599036	0.232515979550404	0.188685865717615	6.88062114572007	47.3429473509302	60.2981645076713	0.305636815599036	0.0337928763444613	1.50467948707437e-19	6.88062114572007	47.3429473509302	60.2981645076713	NA	NA	NA	NA	NA	NA	NA	NA	NA	NA	NA	NA	NA	NA	NA	NA	NA	NA	NA	NA	NA	NA	NA	NA	NA	NA	NA	NA	NA	NA	NA	NA	NA	NA	NA	NA	NA	NA	NA	NA	NA	NA	NA	NA	NA	NA	NA	NA	NA	NA	NA	NA	NA	NA	NA	NA	NA	NA	NA	NA	NA	NA	NA	NA	NA	NA	NA
"gamma-glutamyl-2-aminobutyrate"	2	1	NA	NA	NA	NA	NA	NA	-0.144238427551352	0.0611407824073848	0.0183183432809382	1.99068348773788	3.96282074835224	64.5608839863081	-0.144238427551352	0.0307134623781214	2.64967272283727e-06	1.99068348773788	3.96282074835224	64.5608839863081	NA	NA	NA	NA	NA	NA	NA	NA	NA	NA	NA	NA	NA	NA	NA	NA	NA	NA	NA	NA	NA	NA	NA	NA	NA	NA	NA	NA	NA	NA	NA	NA	NA	NA	NA	NA	NA	NA	NA	NA	NA	NA	NA	NA	NA	NA	NA	NA	NA	NA	NA	NA	NA	NA	NA	NA	NA	NA	NA	NA	NA	NA	NA	NA	NA	NA	NA
"glutamate"	1	0	NA	NA	NA	NA	NA	NA	NA	NA	NA	NA	NA	NA	-0.492964382456945	0.058259427017639	2.63873009612379e-17	NA	NA	41.3594915140326	NA	NA	NA	NA	NA	NA	NA	NA	NA	NA	NA	NA	NA	NA	NA	NA	NA	NA	NA	NA	NA	NA	NA	NA	NA	NA	NA	NA	NA	NA	NA	NA	NA	NA	NA	NA	NA	NA	NA	NA	NA	NA	NA	NA	NA	NA	NA	NA	NA	NA	NA	NA	NA	NA	NA	NA	NA	NA	NA	NA	NA	NA	NA	NA	NA	NA	NA
"N-acetylmethionine"	1	0	NA	NA	NA	NA	NA	NA	NA	NA	NA	NA	NA	NA	-0.445568854014062	0.0506589911540536	1.42470056976143e-18	NA	NA	50.8372323149209	NA	NA	NA	NA	NA	NA	NA	NA	NA	NA	NA	NA	NA	NA	NA	NA	NA	NA	NA	NA	NA	NA	NA	NA	NA	NA	NA	NA	NA	NA	NA	NA	NA	NA	NA	NA	NA	NA	NA	NA	NA	NA	NA	NA	NA	NA	NA	NA	NA	NA	NA	NA	NA	NA	NA	NA	NA	NA	NA	NA	NA	NA	NA	NA	NA	NA	NA
"O-sulfo-L-tyrosine"	2	0	NA	NA	NA	NA	NA	NA	-0.144284715512398	0.200442877839552	0.471629920977684	8.78588680223397	77.191806901669	145.853384286527	-0.144284715512398	0.0228141885220494	2.54315008183908e-10	8.78588680223397	77.191806901669	145.853384286527	NA	NA	NA	NA	NA	NA	NA	NA	NA	2	0	NA	NA	NA	NA	NA	NA	-0.0547507504283518	0.0679980011173697	0.420714798691427	6.13247341669203	37.6072302064345	145.853384286527	-0.0547507504283518	0.0110881852226681	7.90267294747816e-07	6.13247341669203	37.6072302064345	145.853384286527	NA	NA	NA	NA	NA	NA	NA	NA	NA	2	0	NA	NA	NA	NA	NA	NA	-0.0445366366333603	0.0392737530102743	0.256792404205875	4.83566817857045	23.3836867332389	145.853384286527	-0.0445366366333603	0.00812168071918546	4.16585840596694e-08	4.83566817857045	23.3836867332389	145.853384286527	NA	NA	NA	NA	NA	NA	NA	NA	NA
"ornithine"	2	0	NA	NA	NA	NA	NA	NA	-0.151786406229612	0.245264176747602	0.536002634011492	8.6351126921124	74.5651712054806	83.0067756265591	-0.151786406229612	0.0284031240231103	9.09155983980073e-08	8.6351126921124	74.5651712054806	83.0067756265591	NA	NA	NA	NA	NA	NA	NA	NA	NA	NA	NA	NA	NA	NA	NA	NA	NA	NA	NA	NA	NA	NA	NA	NA	NA	NA	NA	NA	NA	NA	NA	NA	NA	NA	NA	NA	NA	NA	NA	NA	NA	NA	NA	NA	NA	NA	NA	NA	NA	NA	NA	NA	NA	NA	NA	NA	NA	NA	NA	NA	NA	NA	NA	NA	NA	NA	NA
"palmitoylcarnitine"	NA	NA	NA	NA	NA	NA	NA	NA	NA	NA	NA	NA	NA	NA	NA	NA	NA	NA	NA	NA	NA	NA	NA	NA	NA	NA	NA	NA	NA	2	0	NA	NA	NA	NA	NA	NA	0.037959267774234	0.0691017690997052	0.582783044719104	7.92417744220876	62.7925881356101	223.048304670997	0.037959267774234	0.00872037124403968	1.34322869432733e-05	7.92417744220876	62.7925881356101	223.048304670997	NA	NA	NA	NA	NA	NA	NA	NA	NA	2	0	NA	NA	NA	NA	NA	NA	0.0376457828279913	0.0343631529845779	0.273285556755043	5.09553826537558	25.9645102139067	223.048304670997	0.0376457828279913	0.00674377292347644	2.37354594402579e-08	5.09553826537558	25.9645102139067	223.048304670997	NA	NA	NA	NA	NA	NA	NA	NA	NA
"sphinganine"	1	0	NA	NA	NA	NA	NA	NA	NA	NA	NA	NA	NA	NA	0.467108446588441	0.038031794189873	1.13093902946272e-34	NA	NA	83.5636521618169	NA	NA	NA	NA	NA	NA	NA	NA	NA	1	0	NA	NA	NA	NA	NA	NA	NA	NA	NA	NA	NA	NA	0.0887408531097038	0.0165779615699447	8.65359870099925e-08	NA	NA	83.5636521618169	NA	NA	NA	NA	NA	NA	NA	NA	NA	1	0	NA	NA	NA	NA	NA	NA	NA	NA	NA	NA	NA	NA	0.0555849299698145	0.0126772647299577	1.16190883796245e-05	NA	NA	83.5636521618169	NA	NA	NA	NA	NA	NA	NA	NA	NA
"sphingomyelin (d18_1_15_0, d16_1_17_0)*"	NA	NA	NA	NA	NA	NA	NA	NA	NA	NA	NA	NA	NA	NA	NA	NA	NA	NA	NA	NA	NA	NA	NA	NA	NA	NA	NA	NA	NA	NA	NA	NA	NA	NA	NA	NA	NA	NA	NA	NA	NA	NA	NA	NA	NA	NA	NA	NA	NA	NA	NA	NA	NA	NA	NA	NA	NA	NA	3	0	0.0161642665933695	0.0147776072613862	0.27402727487798	0.0245129112177614	0.00526259649369338	3.19373787659412e-06	0.022251887919258	0.00805465999943882	0.00573411566173888	1.61308911397991	5.20411297928095	255.628548525056	0.022251887919258	0.00499331371691295	8.33719961901708e-06	1.61308911397991	5.20411297928095	255.628548525056	0.0309258408346577	0.0112705123764306	0.00607028406477306	-0.00209883837286898	0.00196967485781572	0.286615326339519	1.56109170779049	2.43700732013223	0.99193355433359
"sphingomyelin (d18_1_22_1, d18_2_22_0, d16_1_24_1)*"	NA	NA	NA	NA	NA	NA	NA	NA	NA	NA	NA	NA	NA	NA	NA	NA	NA	NA	NA	NA	NA	NA	NA	NA	NA	NA	NA	NA	NA	2	0	NA	NA	NA	NA	NA	NA	0.103806059614011	0.101035276969651	0.304220896155301	6.25586064572576	39.1357924187404	54.4139683699471	0.103806059614011	0.0161504999377955	1.2978715681564e-10	6.25586064572576	39.1357924187404	54.4139683699471	NA	NA	NA	NA	NA	NA	NA	NA	NA	2	0	NA	NA	NA	NA	NA	NA	0.0575520198480569	0.0596528501002875	0.334653813388954	4.84822541430336	23.5052896678969	54.4139683699471	0.0575520198480569	0.0123040587024477	2.90418282537187e-06	4.84822541430336	23.5052896678969	54.4139683699471	NA	NA	NA	NA	NA	NA	NA	NA	NA
"sphingomyelin (d18_2_14_0, d18_1_14_1)*"	1	0	NA	NA	NA	NA	NA	NA	NA	NA	NA	NA	NA	NA	0.308556217432311	0.0516412079384621	2.30090183196327e-09	NA	NA	49.7414053995629	NA	NA	NA	NA	NA	NA	NA	NA	NA	1	0	NA	NA	NA	NA	NA	NA	NA	NA	NA	NA	NA	NA	0.20785586195231	0.0232385435723079	3.7382535008626e-19	NA	NA	49.7414053995629	NA	NA	NA	NA	NA	NA	NA	NA	NA	1	0	NA	NA	NA	NA	NA	NA	NA	NA	NA	NA	NA	NA	0.123938899052309	0.0180744227784617	7.02513719345833e-12	NA	NA	49.7414053995629	NA	NA	NA	NA	NA	NA	NA	NA	NA
"sphingomyelin (d18_2_24_1, d18_1_24_2)*"	1	1	NA	NA	NA	NA	NA	NA	NA	NA	NA	NA	NA	NA	0.262593916153699	0.0437656526922831	1.97317529007541e-09	NA	NA	72.8628909697111	NA	NA	NA	NA	NA	NA	NA	NA	NA	1	1	NA	NA	NA	NA	NA	NA	NA	NA	NA	NA	NA	NA	0.169725336050561	0.019214188986856	1.01601674721985e-18	NA	NA	72.8628909697111	NA	NA	NA	NA	NA	NA	NA	NA	NA	1	1	NA	NA	NA	NA	NA	NA	NA	NA	NA	NA	NA	NA	0.102475674596565	0.0149443692119991	7.02513719345833e-12	NA	NA	72.8628909697111	NA	NA	NA	NA	NA	NA	NA	NA	NA
"succinimide"	1	0	NA	NA	NA	NA	NA	NA	NA	NA	NA	NA	NA	NA	0.0468328001711739	0.00900630772522575	1.9928852633867e-07	NA	NA	1523.20348135226	NA	NA	NA	NA	NA	NA	NA	NA	NA	NA	NA	NA	NA	NA	NA	NA	NA	NA	NA	NA	NA	NA	NA	NA	NA	NA	NA	NA	NA	NA	NA	NA	NA	NA	NA	NA	NA	NA	NA	NA	NA	NA	NA	NA	NA	NA	NA	NA	NA	NA	NA	NA	NA	NA	NA	NA	NA	NA	NA	NA	NA	NA	NA	NA	NA	NA	NA
"tyrosine"	1	0	NA	NA	NA	NA	NA	NA	NA	NA	NA	NA	NA	NA	-0.173806785281022	0.0300057316608931	6.93658114368214e-09	NA	NA	154.965188547732	NA	NA	NA	NA	NA	NA	NA	NA	NA	NA	NA	NA	NA	NA	NA	NA	NA	NA	NA	NA	NA	NA	NA	NA	NA	NA	NA	NA	NA	NA	NA	NA	NA	NA	NA	NA	NA	NA	NA	NA	NA	NA	NA	NA	NA	NA	NA	NA	NA	NA	NA	NA	NA	NA	NA	NA	NA	NA	NA	NA	NA	NA	NA	NA	NA	NA	NA
"X - 11441"	1	0	NA	NA	NA	NA	NA	NA	NA	NA	NA	NA	NA	NA	0.0570080612687561	0.01096308870553	1.99288526338669e-07	NA	NA	1009.34356381637	NA	NA	NA	NA	NA	NA	NA	NA	NA	NA	NA	NA	NA	NA	NA	NA	NA	NA	NA	NA	NA	NA	NA	NA	NA	NA	NA	NA	NA	NA	NA	NA	NA	NA	NA	NA	NA	NA	NA	NA	NA	NA	NA	NA	NA	NA	NA	NA	NA	NA	NA	NA	NA	NA	NA	NA	NA	NA	NA	NA	NA	NA	NA	NA	NA	NA	NA
"X - 11442"	1	0	NA	NA	NA	NA	NA	NA	NA	NA	NA	NA	NA	NA	0.054486757923429	0.0104782226775825	1.99288526338669e-07	NA	NA	1156.27897251311	NA	NA	NA	NA	NA	NA	NA	NA	NA	NA	NA	NA	NA	NA	NA	NA	NA	NA	NA	NA	NA	NA	NA	NA	NA	NA	NA	NA	NA	NA	NA	NA	NA	NA	NA	NA	NA	NA	NA	NA	NA	NA	NA	NA	NA	NA	NA	NA	NA	NA	NA	NA	NA	NA	NA	NA	NA	NA	NA	NA	NA	NA	NA	NA	NA	NA	NA
"X - 11849"	1	0	NA	NA	NA	NA	NA	NA	NA	NA	NA	NA	NA	NA	-0.202535492566044	0.0405070985132088	5.7330314375839e-07	NA	NA	55.7722592744359	NA	NA	NA	NA	NA	NA	NA	NA	NA	NA	NA	NA	NA	NA	NA	NA	NA	NA	NA	NA	NA	NA	NA	NA	NA	NA	NA	NA	NA	NA	NA	NA	NA	NA	NA	NA	NA	NA	1	0	NA	NA	NA	NA	NA	NA	NA	NA	NA	NA	NA	NA	-0.0689715461170853	0.0142322238019382	1.25877917596925e-06	NA	NA	55.7722592744359	NA	NA	NA	NA	NA	NA	NA	NA	NA
"X - 16946"	1	0	NA	NA	NA	NA	NA	NA	NA	NA	NA	NA	NA	NA	0.0401189898377827	0.00771519035341975	1.9928852633867e-07	NA	NA	1662.06312171492	NA	NA	NA	NA	NA	NA	NA	NA	NA	NA	NA	NA	NA	NA	NA	NA	NA	NA	NA	NA	NA	NA	NA	NA	NA	NA	NA	NA	NA	NA	NA	NA	NA	NA	NA	NA	NA	NA	NA	NA	NA	NA	NA	NA	NA	NA	NA	NA	NA	NA	NA	NA	NA	NA	NA	NA	NA	NA	NA	NA	NA	NA	NA	NA	NA	NA	NA
"X - 18886"	1	0	NA	NA	NA	NA	NA	NA	NA	NA	NA	NA	NA	NA	0.311224594045829	0.0387848278294194	1.02031466758821e-15	NA	NA	70.6382041267895	NA	NA	NA	NA	NA	NA	NA	NA	NA	NA	NA	NA	NA	NA	NA	NA	NA	NA	NA	NA	NA	NA	NA	NA	NA	NA	NA	NA	NA	NA	NA	NA	NA	NA	NA	NA	NA	NA	NA	NA	NA	NA	NA	NA	NA	NA	NA	NA	NA	NA	NA	NA	NA	NA	NA	NA	NA	NA	NA	NA	NA	NA	NA	NA	NA	NA	NA
"X - 21792"	NA	NA	NA	NA	NA	NA	NA	NA	NA	NA	NA	NA	NA	NA	NA	NA	NA	NA	NA	NA	NA	NA	NA	NA	NA	NA	NA	NA	NA	NA	NA	NA	NA	NA	NA	NA	NA	NA	NA	NA	NA	NA	NA	NA	NA	NA	NA	NA	NA	NA	NA	NA	NA	NA	NA	NA	NA	NA	2	1	NA	NA	NA	NA	NA	NA	0.0126264611107327	0.00783868726738661	0.107226000769124	2.81558990619056	7.92754651984218	1054.72983807704	0.0126264611107327	0.00278403017788631	5.75168627875563e-06	2.81558990619056	7.92754651984218	1054.72983807704	NA	NA	NA	NA	NA	NA	NA	NA	NA
"X - 24020"	2	0	NA	NA	NA	NA	NA	NA	-0.0766321110040782	0.117147116465386	0.513013385092591	8.5609382630263	73.2896639433478	264.773170281388	-0.0766321110040782	0.0136839109062765	2.14152198849187e-08	8.5609382630263	73.2896639433478	264.773170281388	NA	NA	NA	NA	NA	NA	NA	NA	NA	NA	NA	NA	NA	NA	NA	NA	NA	NA	NA	NA	NA	NA	NA	NA	NA	NA	NA	NA	NA	NA	NA	NA	NA	NA	NA	NA	NA	NA	NA	NA	NA	NA	NA	NA	NA	NA	NA	NA	NA	NA	NA	NA	NA	NA	NA	NA	NA	NA	NA	NA	NA	NA	NA	NA	NA	NA	NA
"X - 24295"	1	0	NA	NA	NA	NA	NA	NA	NA	NA	NA	NA	NA	NA	-0.633491550047581	0.0541107365665642	1.16921020674126e-31	NA	NA	43.9454723333939	NA	NA	NA	NA	NA	NA	NA	NA	NA	1	0	NA	NA	NA	NA	NA	NA	NA	NA	NA	NA	NA	NA	-0.33258306377498	0.0263954812519826	2.1114451161773e-36	NA	NA	43.9454723333939	NA	NA	NA	NA	NA	NA	NA	NA	NA	NA	NA	NA	NA	NA	NA	NA	NA	NA	NA	NA	NA	NA	NA	NA	NA	NA	NA	NA	NA	NA	NA	NA	NA	NA	NA	NA	NA	NA
"xanthine"	1	0	NA	NA	NA	NA	NA	NA	NA	NA	NA	NA	NA	NA	0.379538266180115	0.0593898509426097	1.65209087423813e-10	NA	NA	44.0798063105661	NA	NA	NA	NA	NA	NA	NA	NA	NA	NA	NA	NA	NA	NA	NA	NA	NA	NA	NA	NA	NA	NA	NA	NA	NA	NA	NA	NA	NA	NA	NA	NA	NA	NA	NA	NA	NA	NA	1	0	NA	NA	NA	NA	NA	NA	NA	NA	NA	NA	NA	NA	0.796195189199362	0.0213432276825004	1.39523989138976e-293	NA	NA	44.0798063105661	NA	NA	NA	NA	NA	NA	NA	NA	NA
