T2DM_SNPs	n	superpathway	subpathway
rs174546	4	Lipid	Lysolipid, Phospholipid Metabolism
rs887829	4	Unknown, Xenobiotics	Unknown, Chemical
rs174547	3	Lipid	Phospholipid Metabolism, Lysolipid
rs174577	3	Lipid	Phospholipid Metabolism, Plasmalogen, Lysolipid
rs17145750	2	Lipid	Phospholipid Metabolism
rs174545	2	Lipid	Lysolipid, Phospholipid Metabolism
rs174557	2	Lipid	Polyunsaturated Fatty Acid (n3 and n6), Sphingolipid Metabolism
rs174560	2	Lipid	Fatty Acid Metabolism(Acyl Carnitine), Sphingolipid Metabolism
rs28456	2	Lipid	Phospholipid Metabolism
rs35853021	2	Lipid	Lysolipid
rs483082	2	Lipid	Lysolipid
rs59007384	2	Lipid	Lysolipid
rs602633	2	Lipid	Sphingolipid Metabolism, Phospholipid Metabolism
rs61781290	2	Lipid	Lysolipid
rs673335	2	Lipid	Lysolipid, Polyunsaturated Fatty Acid (n3 and n6)
rs73004967	2	Lipid	Lysolipid, Sterol
rs10014755	1	Peptide	Gamma-glutamyl Amino Acid
rs10018448	1	Amino Acid	Leucine, Isoleucine and Valine Metabolism
rs102275	1	Lipid	Plasmalogen
rs111485569	1	Unknown	Unknown
rs112032422	1	Lipid	Sphingolipid Metabolism
rs11644601	1	Lipid	Polyunsaturated Fatty Acid (n3 and n6)
rs1169279	1	Amino Acid	Leucine, Isoleucine and Valine Metabolism
rs11709868	1	Lipid	Phospholipid Metabolism
rs1219549	1	Lipid	Polyunsaturated Fatty Acid (n3 and n6)
rs12446515	1	Lipid	Plasmalogen
rs12695769	1	Lipid	Phospholipid Metabolism
rs146632589	1	Lipid	Polyunsaturated Fatty Acid (n3 and n6)
rs1492701	1	Lipid	Lysolipid
rs1532085	1	Lipid	Plasmalogen
rs17014016	1	Amino Acid	Methionine, Cysteine, SAM and Taurine Metabolism
rs1728918	1	Unknown	Unknown
rs173539	1	Lipid	Phospholipid Metabolism
rs174544	1	Lipid	Sphingolipid Metabolism
rs174549	1	Lipid	Lysoplasmalogen
rs174555	1	Lipid	Sphingolipid Metabolism
rs174556	1	Lipid	Lyso-phospho-ether
rs174570	1	Lipid	Plasmalogen
rs174574	1	Lipid	Lysolipid
rs17476364	1	Nucleotide	Purine Metabolism, (Hypo)Xanthine/Inosine containing
rs17788484	1	Amino Acid	Urea cycle; Arginine and Proline Metabolism
rs1868361	1	Xenobiotics	Xanthine Metabolism
rs204474	1	Lipid	Plasmalogen
rs2070895	1	Lipid	Phospholipid Metabolism
rs2119690	1	Lipid	Plasmalogen
rs2168101	1	Amino Acid	Methionine, Cysteine, SAM and Taurine Metabolism
rs217243	1	Lipid	Plasmalogen
rs2236514	1	Lipid	Lysolipid
rs2269423	1	Lipid	Phospholipid Metabolism
rs2279686	1	Lipid	Lysolipid
rs2304128	1	Lipid	Lysolipid
rs2414578	1	Lipid	Sterol
rs2444577	1	Lipid	Sphingolipid Metabolism
rs2639458	1	Lipid	Lysolipid
rs2727271	1	Amino Acid	Methionine, Cysteine, SAM and Taurine Metabolism
rs2954021	1	Lipid	Lysolipid
rs3103780	1	Lipid	Lysolipid
rs3115669	1	Lipid	Plasmalogen
rs34257685	1	Amino Acid	Histidine Metabolism
rs35246381	1	Xenobiotics	Xanthine Metabolism
rs35251247	1	Unknown	Unknown
rs3747207	1	Amino Acid	Methionine, Cysteine, SAM and Taurine Metabolism
rs3783637	1	Amino Acid	Phenylalanine and Tyrosine Metabolism
rs3859862	1	Peptide	Gamma-glutamyl Amino Acid
rs4144185	1	Xenobiotics	Xanthine Metabolism
rs422137	1	Lipid	Lysolipid
rs4374298	1	Lipid	Plasmalogen
rs4482855	1	Lipid	Lysolipid
rs449370	1	Lipid	Lysolipid
rs4606850	1	Lipid	Plasmalogen
rs4633	1	Unknown	Unknown
rs4921913	1	Xenobiotics	Xanthine Metabolism
rs4985155	1	Lipid	Lysolipid
rs498936	1	Lipid	Lysolipid
rs507666	1	Xenobiotics	Chemical
rs55695203	1	Lipid	Lysolipid
rs55979979	1	Amino Acid	Leucine, Isoleucine and Valine Metabolism
rs56165099	1	Lipid	Lysolipid
rs584007	1	Lipid	Phospholipid Metabolism
rs59771628	1	Lipid	Fatty Acid, Monohydroxy
rs6151429	1	Xenobiotics	Chemical
rs62039480	1	Lipid	Lysolipid
rs62316605	1	Lipid	Lysoplasmalogen
rs62492368	1	Unknown	Unknown
rs6440123	1	Lipid	Phospholipid Metabolism
rs6661669	1	Lipid	Phospholipid Metabolism
rs67225004	1	Amino Acid	Phenylalanine and Tyrosine Metabolism
rs67580629	1	Lipid	Lysolipid
rs676457	1	Lipid	Sphingolipid Metabolism
rs6857	1	Lipid	Lysolipid
rs6968554	1	Xenobiotics	Xanthine Metabolism
rs7157785	1	Lipid	Sphingolipid Metabolism
rs7237677	1	Lipid	Phospholipid Metabolism
rs7259004	1	Lipid	Phospholipid Metabolism
rs72939920	1	Lipid	Fatty Acid Metabolism(Acyl Carnitine)
rs73004962	1	Lipid	Phospholipid Metabolism
rs73114872	1	Amino Acid	Methionine, Cysteine, SAM and Taurine Metabolism
rs73295349	1	Unknown	Unknown
rs73467771	1	Lipid	Phospholipid Metabolism
rs75110987	1	Unknown	Unknown
rs7528419	1	Lipid	Sterol
rs7709444	1	Lipid	Lysolipid
rs77960347	1	Lipid	Phospholipid Metabolism
rs7979478	1	Amino Acid	Glutamate Metabolism
rs8103131	1	Lipid	Sphingolipid Metabolism
rs8110787	1	Amino Acid	Urea cycle; Arginine and Proline Metabolism
rs8736	1	Lipid	Lysolipid
rs9647629	1	Amino Acid	Phenylalanine and Tyrosine Metabolism
rs968567	1	Lipid	Polyunsaturated Fatty Acid (n3 and n6)
rs9738226	1	Lipid	Sphingolipid Metabolism
